simulator,num_requests,decode_samples,observed_decode_or_service_ms,direct_ms,max_abs_service_error_pct,mean_tbt_ms,throughput_tokens_per_s
mock,1,8,0.03181174999999925,0.03181174800546377,0.0024255682541562394,0.03181171428571312,96.18333235667174
des,1,8,0.03181174999999925,0.03181174800546377,0.0024255682541562394,0.03181171428571312,96.18333235667174
mock,4,8,0.03329275000000109,0.033292715514144006,0.0018180744516953038,0.03329285714285594,96.98546680659972
des,4,32,0.03181174999999925,0.03181174800546377,0.0024255682541562394,0.03181171428571312,96.40456348595094
mock,16,8,0.03865224999998418,0.038652243991326427,0.0014616133137093977,0.03865242857140012,97.04106493871465
des,16,128,0.03181174999999792,0.03181174800546377,0.0024255687902164707,0.031811714285714644,96.46003037643916
