case,expected_interactivity,got_interactivity,interactivity_rel_error,expected_toks_per_gpu,got_toks_per_gpu,toks_per_gpu_rel_error,pass
gpu_only_tp1_b256,163.7,163.65698081223996,0.00026279283909605173,41896.2,41896.18708793343,3.0819183042995226e-07,True
gpu_only_tp2_b256,223.8,223.83156518106793,0.00014104191719355898,28650.4,28650.440343176695,1.4081191429637366e-06,True
hybrid_link12_tp1_ag1_ck128_gb256,327.8,327.81559904788173,4.758708932800981e-05,83920.8,83920.79335625772,7.916681298636341e-08,True
hybrid_link4_tp1_ag1_ck128_gb256,362.0,361.99154378324664,2.335971478828469e-05,92669.8,92669.83520851114,3.799351151849979e-07,True
