approach,seconds,points,seconds_per_point
direct_analytical,0.4227982920128852,49,0.008628536571691535
nanovllm_mock,1.5645951280603185,49,0.03193051281755752
nanovllm_des,1.7800288740545511,49,0.036327119878664306
standalone_des,0.19781908305594698,49,0.004037124143998918
global_des,0.053899295948212966,49,0.001099985631596183
colocated_plot_inputs,0.3826451250060927,49,0.00780908418379781
plot_and_csv_write,0.002161499985959381,49,4.4112244611415935e-05
