metric,value
num_requests,4
output_tokens,8
mean_tbt_ms,0.03329299999995783
p50_tbt_ms,0.03329299999995783
p95_tbt_ms,0.03329299999995783
throughput_tokens_per_sec,24.26105489462461
avg_batch_size,3.3333333333333335
max_kv_tokens_used,32772
