request_id,ttft_ms,mean_tbt_ms,tpot_ms,queueing_delay_ms,prefill_time_ms,decode_time_ms,output_tokens
0,329.713292,0.03329299999995783,0.03329299999995783,0.0,164.84,0.06658499999997503,2
1,329.713292,0.03329299999995783,0.03329299999995783,0.0,164.84,0.06658499999997503,2
2,329.713292,0.03329299999995783,0.03329299999995783,164.84,164.84,0.06658499999997503,2
3,329.713292,0.03329299999995783,0.03329299999995783,164.84,164.84,0.06658499999997503,2
