request_id,ttft_ms,mean_tbt_ms,tpot_ms,queueing_delay_ms,prefill_time_ms,decode_time_ms,output_tokens
0,82.951812,0.031810999999990486,0.031810999999990486,0.0,82.92,0.0,2
1,165.871812,0.0318110000000047,0.0318110000000047,82.92,82.92,0.0,2
2,248.791812,0.0318110000000047,0.0318110000000047,165.84,82.91999999999999,0.0,2
3,331.711812,0.0318110000000047,0.0318110000000047,248.76,82.92000000000002,0.0,2
