request_id,ttft_ms,mean_tbt_ms,tpot_ms,queueing_delay_ms,prefill_time_ms,decode_time_ms,output_tokens
0,82.951812,0.03181171428571312,0.03181171428571312,0.0,82.92,0.0,8
1,165.871812,0.03181171428571312,0.03181171428571312,82.92,82.92,0.0,8
2,248.791812,0.03181171428571718,0.03181171428571718,165.84,82.91999999999999,0.0,8
3,331.711812,0.03181171428570906,0.03181171428570906,248.76,82.92000000000002,0.0,8
