request_id,ttft_ms,mean_tbt_ms,tpot_ms,queueing_delay_ms,prefill_time_ms,decode_time_ms,output_tokens
0,329.713292,0.03329285714285594,0.03329285714285594,0.0,164.84,0.26634200000000874,8
1,329.713292,0.03329285714285594,0.03329285714285594,0.0,164.84,0.26634200000000874,8
2,329.713292,0.03329285714285594,0.03329285714285594,164.84,164.84,0.26634200000000874,8
3,329.713292,0.03329285714285594,0.03329285714285594,164.84,164.84,0.26634200000000874,8
