metric,value
num_requests,4
output_tokens,32
mean_tbt_ms,0.03329285714285594
p50_tbt_ms,0.03329300000001467
p95_tbt_ms,0.03329300000001467
throughput_tokens_per_sec,96.98546680659972
avg_batch_size,3.7777777777777777
max_kv_tokens_used,32796
