approach,seconds,points,seconds_per_point
direct_analytical,2.1137272079940885,224,0.009436282178545039
nanovllm_mock,7.959457717195619,224,0.03553329338033758
nanovllm_des,8.4532170057646,224,0.03773757591859196
standalone_des,0.8301184179726988,224,0.0037058857945209767
global_des,0.32164420292247087,224,0.0014359116201896021
colocated_plot_inputs,0.4878000000026077,224,0.002177678571440213
plot_and_csv_write,0.0056997910141944885,224,2.544549559908254e-05
